Question,Answer
How can I reset my password?,You can reset your password by clicking on 'Forgot Password' on the login page.
What is the estimated delivery time for an order?,The estimated delivery time is 3-5 business days for standard shipping.
How can I track my order?,You can track your order using the tracking link sent in your confirmation email.
What payment methods do you accept?,"We accept credit cards, debit cards, PayPal, and bank transfers."
How do I contact customer support?,You can contact customer support via our support email or live chat on our website.
What is your return policy?,Our return policy allows returns within 30 days of receipt.
Can I cancel my order after placing it?,You can cancel your order within 24 hours of placing it by contacting support.
How do I update my shipping address?,"To update your shipping address, go to 'My Account' and edit the address under 'Shipping Details'."
What should I do if my item arrives damaged?,"If your item arrives damaged, please contact our support team with a photo of the damage."
Do you offer international shipping?,"Yes, we offer international shipping to select countries."
How do I redeem a discount code?,You can redeem a discount code at checkout by entering it in the 'Promo Code' field.
What are your business hours?,"Our business hours are Monday to Friday, 9 AM to 6 PM."
How can I check my account balance?,You can check your account balance under the 'My Account' section.
Is my personal information secure?,"Yes, your personal information is encrypted and securely stored."
Can I change my email address on my account?,"To change your email address, go to 'Account Settings' and update your email."
What happens if I miss a delivery?,"If you miss a delivery, the courier will leave a note with further instructions."
How do I unsubscribe from newsletters?,"To unsubscribe from newsletters, click the 'Unsubscribe' link at the bottom of the email."
What is the warranty on your products?,Most of our products come with a 1-year warranty.
Do you provide bulk order discounts?,"Yes, we offer discounts for bulk orders. Please contact sales for more details."
Where can I find the user manual for my product?,User manuals can be downloaded from the product page on our website.
